{"count":1,"self":58.6440512,"total":147.8469357,"children":{"InitializeActuators":{"count":32,"self":0.0020843999999999997,"total":0.0020843999999999997,"children":null},"InitializeSensors":{"count":32,"self":0.0034928999999999997,"total":0.0034928999999999997,"children":null},"AgentSendState":{"count":9817,"self":4.1655884,"total":6.8968650999999994,"children":{"CollectObservations":{"count":62848,"self":0.0825037,"total":0.0825037,"children":null},"WriteActionMask":{"count":62848,"self":0.0856711,"total":0.0856711,"children":null},"RequestDecision":{"count":62848,"self":0.2973935,"total":2.5631018,"children":{"AgentInfo.ToProto":{"count":62848,"self":0.238774,"total":2.2657083,"children":{"GenerateSensorData":{"count":62848,"self":1.6269471999999998,"total":2.0269342999999997,"children":{"RayPerceptionSensor.Perceive":{"count":125696,"self":0.3999871,"total":0.3999871,"children":null}}}}}}}}},"DecideAction":{"count":9817,"self":81.258758399999991,"total":81.2587563,"children":null},"AgentAct":{"count":9817,"self":1.0356212999999999,"total":1.0386145,"children":{"AgentInfo.ToProto":{"count":29,"self":0,"total":0.0029931999999999997,"children":{"GenerateSensorData":{"count":29,"self":0.0019952999999999998,"total":0.0029931999999999997,"children":{"RayPerceptionSensor.Perceive":{"count":58,"self":0.0009979,"total":0.0009979,"children":null}}}}}}},"AgentInfo.ToProto":{"count":29,"self":0.0005096,"total":0.0020729999999999998,"children":{"GenerateSensorData":{"count":29,"self":0.0015634,"total":0.0015634,"children":{"RayPerceptionSensor.Perceive":{"count":58,"self":0,"total":0,"children":null}}}}}},"gauges":{"PushBlock.CumulativeReward":{"count":58,"max":4.9892,"min":-0.99994123,"runningAverage":1.78004718,"value":4.36581039,"weightedAverage":4.168764}},"metadata":{"timer_format_version":"0.1.0","start_time_seconds":"1676049016","unity_version":"2022.2.0b12","command_line_arguments":"C:\\Program Files\\Unity\\Hub\\Editor\\2022.2.0b12\\Editor\\Unity.exe -projectpath C:\\Projekty\\Diplomka\\AI_Decision_Making -useHub -hubIPC -cloudEnvironment production -licensingIpc LicenseClient-Mirec -hubSessionId 00711c70-a964-11ed-8236-3b80903e6c3f -accessToken DCZ7K924JNj8TCXUYne5FTS5SVkOO98sVqTy-XrzOJc007f","communication_protocol_version":"1.5.0","com.unity.ml-agents_version":"2.2.1-exp.1","scene_name":"PushBlock","end_time_seconds":"1676049164"}}